<?xml version="1.0" encoding="UTF-8" standalone="no"?>
<instance:xArch xmlns:instance="http://www.ics.uci.edu/pub/arch/xArch/instance.xsd" xmlns:changes="http://www.ics.uci.edu/pub/arch/xArch/changes.xsd" xmlns:hints3="http://www.ics.uci.edu/pub/arch/xArch/hints3.xsd" xmlns:implementation="http://www.ics.uci.edu/pub/arch/xArch/implementation.xsd" xmlns:implementationext="http://www.ics.uci.edu/pub/arch/xArch/implementationext.xsd" xmlns:javaimplementation="http://www.ics.uci.edu/pub/arch/xArch/javaimplementation.xsd" xmlns:lookupimplementation="http://www.ics.uci.edu/pub/arch/xArch/lookupimplementation.xsd" xmlns:types="http://www.ics.uci.edu/pub/arch/xArch/types.xsd" xmlns:xlink="http://www.w3.org/1999/xlink" xmlns:xsi="http://www.w3.org/2001/XMLSchema-instance" xsi:schemaLocation="http://www.ics.uci.edu/pub/arch/xArch/implementationext.xsd http://www.ics.uci.edu/~zhengy/schema/Implementationext.xsd http://www.ics.uci.edu/pub/arch/xArch/changes.xsd http://www.ics.uci.edu/~zhengy/schema/changes.xsd http://www.ics.uci.edu/pub/arch/xArch/hints3.xsd http://www.isr.uci.edu/projects/xarchuci/ext/hints3.xsd http://www.ics.uci.edu/pub/arch/xArch/lookupimplementation.xsd http://www.isr.uci.edu/projects/xarchuci/ext/lookupimplementation.xsd http://www.ics.uci.edu/pub/arch/xArch/javaimplementation.xsd http://www.isr.uci.edu/projects/xarchuci/ext/javaimplementation.xsd http://www.ics.uci.edu/pub/arch/xArch/implementation.xsd http://www.isr.uci.edu/projects/xarchuci/ext/implementation.xsd http://www.ics.uci.edu/pub/arch/xArch/variants.xsd http://www.isr.uci.edu/projects/xarchuci/ext/variants.xsd http://www.ics.uci.edu/pub/arch/xArch/instance.xsd http://www.isr.uci.edu/projects/xarchuci/core/instance.xsd http://www.ics.uci.edu/pub/arch/xArch/statecharts.xsd http://www.ics.uci.edu/~zhengy/schema/statecharts.xsd http://www.ics.uci.edu/pub/arch/xArch/interactions.xsd http://www.ics.uci.edu/~zhengy/schema/interactions.xsd http://www.ics.uci.edu/pub/arch/xArch/types.xsd http://www.isr.uci.edu/projects/xarchuci/ext/types.xsd http://www.ics.uci.edu/pub/arch/xArch/changesets.xsd http://www.isr.uci.edu/projects/xarchuci/ext/changesets.xsd">
    <types:archTypes xsi:type="types:ArchTypes">
        <types:connectorType types:id="connectorTypeffffff86-dcf7e774-168a49d3-28dc0183" xsi:type="implementation:VariantConnectorTypeImpl">
            <types:description xsi:type="instance:Description">EventPump Type</types:description>
            <types:signature types:id="signatureffffff86-dcf7e778-d6c0d16e-28dc0184" xsi:type="implementation:SignatureImpl">
                <types:description xsi:type="instance:Description">in</types:description>
                <types:direction xsi:type="instance:Direction">in</types:direction>
                <implementation:implementation xsi:type="lookupimplementation:LookupImplementation">
                    <lookupimplementation:name xsi:type="lookupimplementation:LookupName">in</lookupimplementation:name>
                </implementation:implementation>
            </types:signature>
            <types:signature types:id="signatureffffff86-dcf7e77e-4353a2ba-28dc0185" xsi:type="implementation:SignatureImpl">
                <types:description xsi:type="instance:Description">out</types:description>
                <types:direction xsi:type="instance:Direction">out</types:direction>
                <implementation:implementation xsi:type="lookupimplementation:LookupImplementation">
                    <lookupimplementation:name xsi:type="lookupimplementation:LookupName">out</lookupimplementation:name>
                </implementation:implementation>
            </types:signature>
            <implementation:implementation xsi:type="javaimplementation:JavaImplementation">
                <javaimplementation:mainClass xsi:type="javaimplementation:JavaClassFile">
                    <javaimplementation:javaClassName xsi:type="javaimplementation:JavaClassName">edu.uci.isr.myx.conn.EventPumpConnector</javaimplementation:javaClassName>
                </javaimplementation:mainClass>
            </implementation:implementation>
        </types:connectorType>
        <types:connectorType types:id="connectorTypeffffff86-dcf7e783-ef9b24b9-28dc0186" xsi:type="implementation:VariantConnectorTypeImpl">
            <types:description xsi:type="instance:Description">Synchronous Type</types:description>
            <types:signature types:id="signatureffffff86-dcf7e786-222e7682-28dc0187" xsi:type="implementation:SignatureImpl">
                <types:description xsi:type="instance:Description">in</types:description>
                <types:direction xsi:type="instance:Direction">in</types:direction>
                <implementation:implementation xsi:type="lookupimplementation:LookupImplementation">
                    <lookupimplementation:name xsi:type="lookupimplementation:LookupName">in</lookupimplementation:name>
                </implementation:implementation>
            </types:signature>
            <types:signature types:id="signatureffffff86-dcf7e78a-41a66404-28dc0188" xsi:type="implementation:SignatureImpl">
                <types:description xsi:type="instance:Description">out</types:description>
                <types:direction xsi:type="instance:Direction">out</types:direction>
                <implementation:implementation xsi:type="lookupimplementation:LookupImplementation">
                    <lookupimplementation:name xsi:type="lookupimplementation:LookupName">out</lookupimplementation:name>
                </implementation:implementation>
            </types:signature>
            <implementation:implementation xsi:type="javaimplementation:JavaImplementation">
                <javaimplementation:mainClass xsi:type="javaimplementation:JavaClassFile">
                    <javaimplementation:javaClassName xsi:type="javaimplementation:JavaClassName">edu.uci.isr.myx.conn.SynchronousProxyConnector</javaimplementation:javaClassName>
                </javaimplementation:mainClass>
            </implementation:implementation>
        </types:connectorType>
        <types:connectorType types:id="connectorTypeffffff86-dcf7e78f-3f48fd92-28dc0189" xsi:type="implementation:VariantConnectorTypeImpl">
            <types:description xsi:type="instance:Description">EventPump Type - Sync &amp; Async</types:description>
            <types:signature types:id="signatureffffff86-dcf7e792-e8d27c33-28dc018a" xsi:type="implementation:SignatureImpl">
                <types:description xsi:type="instance:Description">in</types:description>
                <types:direction xsi:type="instance:Direction">in</types:direction>
                <implementation:implementation xsi:type="lookupimplementation:LookupImplementation">
                    <lookupimplementation:name xsi:type="lookupimplementation:LookupName">in</lookupimplementation:name>
                </implementation:implementation>
            </types:signature>
            <types:signature types:id="signatureffffff86-dcf7e796-8016cbdd-28dc018b" xsi:type="implementation:SignatureImpl">
                <types:description xsi:type="instance:Description">out</types:description>
                <types:direction xsi:type="instance:Direction">out</types:direction>
                <implementation:implementation xsi:type="lookupimplementation:LookupImplementation">
                    <lookupimplementation:name xsi:type="lookupimplementation:LookupName">asynch</lookupimplementation:name>
                </implementation:implementation>
            </types:signature>
            <types:signature types:id="signatureffffff86-dcf7e798-b21a3a0b-28dc018c" xsi:type="implementation:SignatureImpl">
                <types:description xsi:type="instance:Description">out</types:description>
                <types:direction xsi:type="instance:Direction">out</types:direction>
                <implementation:implementation xsi:type="lookupimplementation:LookupImplementation">
                    <lookupimplementation:name xsi:type="lookupimplementation:LookupName">synch</lookupimplementation:name>
                </implementation:implementation>
            </types:signature>
            <implementation:implementation xsi:type="javaimplementation:JavaImplementation">
                <javaimplementation:mainClass xsi:type="javaimplementation:JavaClassFile">
                    <javaimplementation:javaClassName xsi:type="javaimplementation:JavaClassName">edu.uci.isr.myx.conn.SynchAsynchPumpConnector</javaimplementation:javaClassName>
                </javaimplementation:mainClass>
            </implementation:implementation>
        </types:connectorType>
        <types:interfaceType types:id="interfaceTypeffffff86-dcf7f5eb-e3af100e-28dc018d" xsi:type="implementation:InterfaceTypeImpl">
            <types:description xsi:type="instance:Description">game</types:description>
            <implementation:implementation xsi:type="javaimplementation:JavaImplementation">
                <javaimplementation:mainClass xsi:type="javaimplementation:JavaClassFile">
                    <javaimplementation:javaClassName xsi:type="javaimplementation:JavaClassName">edu.umkc.wow.IGame</javaimplementation:javaClassName>
                </javaimplementation:mainClass>
            </implementation:implementation>
        </types:interfaceType>
        <types:interfaceType types:id="interfaceTypeffffff86-dcf7fb7f-86bc615b-28dc018e" xsi:type="implementation:InterfaceTypeImpl">
            <types:description xsi:type="instance:Description">clock</types:description>
            <implementation:implementation xsi:type="javaimplementation:JavaImplementation">
                <javaimplementation:mainClass xsi:type="javaimplementation:JavaClassFile">
                    <javaimplementation:javaClassName xsi:type="javaimplementation:JavaClassName">edu.umkc.wow.IClock</javaimplementation:javaClassName>
                </javaimplementation:mainClass>
            </implementation:implementation>
        </types:interfaceType>
    </types:archTypes>
    <types:archStructure types:id="archStructureffffff86-dcf84861-eee7fc9a-28dc018f" xsi:type="types:ArchStructure">
        <types:description xsi:type="instance:Description">tet</types:description>
        <types:component types:id="componentffffff86-dcfb22e9-f2c01c07-28dc0194" xsi:type="implementationext:ComponentImpl">
            <types:description xsi:type="instance:Description">PL1</types:description>
            <types:interface types:id="interfaceffffff86-dcfbf09d-63a7aa32-28dc01e7" xsi:type="types:Interface">
                <types:description xsi:type="instance:Description">[New Interface]</types:description>
                <types:direction xsi:type="instance:Direction">in</types:direction>
                <types:type xlink:href="#interfaceTypeffffff86-dcf7fb7f-86bc615b-28dc018e" xlink:type="simple" xsi:type="instance:XMLLink"/>
            </types:interface>
            <types:interface types:id="interfaceffffff86-dcfcc63a-2a4cf4c7-28dc0290" xsi:type="types:Interface">
                <types:description xsi:type="instance:Description">[New Interface]</types:description>
                <types:direction xsi:type="instance:Direction">out</types:direction>
                <types:type xlink:href="#interfaceTypeffffff86-dcf7f5eb-e3af100e-28dc018d" xlink:type="simple" xsi:type="instance:XMLLink"/>
            </types:interface>
            <implementationext:implementation xsi:type="javaimplementation:JavaImplementation">
                <javaimplementation:mainClass xsi:type="javaimplementation:JavaClassFile">
                    <javaimplementation:javaClassName xsi:type="javaimplementation:JavaClassName">edu.umkc.wow.Pl1.Pl1Arch</javaimplementation:javaClassName>
                </javaimplementation:mainClass>
                <javaimplementation:auxClass xsi:type="javaimplementation:JavaClassFile">
                    <javaimplementation:javaClassName xsi:type="javaimplementation:JavaClassName">edu.umkc.wow.Pl1.Pl1Imp</javaimplementation:javaClassName>
                </javaimplementation:auxClass>
            </implementationext:implementation>
        </types:component>
        <types:component types:id="componentffffff86-dcfb2d50-5203321d-28dc019f" xsi:type="implementationext:ComponentImpl">
            <types:description xsi:type="instance:Description">PL2</types:description>
            <types:interface types:id="interfaceffffff86-dcfc6cc3-408dafab-28dc0266" xsi:type="types:Interface">
                <types:description xsi:type="instance:Description">[New Interface]</types:description>
                <types:direction xsi:type="instance:Direction">in</types:direction>
                <types:type xlink:href="#interfaceTypeffffff86-dcf7fb7f-86bc615b-28dc018e" xlink:type="simple" xsi:type="instance:XMLLink"/>
            </types:interface>
            <types:interface types:id="interfaceffffff86-dcfc768a-13b2ebd9-28dc026e" xsi:type="types:Interface">
                <types:description xsi:type="instance:Description">[New Interface]</types:description>
                <types:direction xsi:type="instance:Direction">out</types:direction>
                <types:type xlink:href="#interfaceTypeffffff86-dcf7f5eb-e3af100e-28dc018d" xlink:type="simple" xsi:type="instance:XMLLink"/>
            </types:interface>
            <implementationext:implementation xsi:type="javaimplementation:JavaImplementation">
                <javaimplementation:mainClass xsi:type="javaimplementation:JavaClassFile">
                    <javaimplementation:javaClassName xsi:type="javaimplementation:JavaClassName">edu.umkc.wow.Pl2.Pl2Arch</javaimplementation:javaClassName>
                </javaimplementation:mainClass>
                <javaimplementation:auxClass xsi:type="javaimplementation:JavaClassFile">
                    <javaimplementation:javaClassName xsi:type="javaimplementation:JavaClassName">edu.umkc.wow.Pl2.Pl2Imp</javaimplementation:javaClassName>
                </javaimplementation:auxClass>
            </implementationext:implementation>
        </types:component>
        <types:component types:id="componentffffff86-dcfb3a64-940ae583-28dc01aa" xsi:type="implementationext:ComponentImpl">
            <types:description xsi:type="instance:Description">Control</types:description>
            <types:interface types:id="interfaceffffff86-dcfc5962-656e7c22-28dc023d" xsi:type="types:Interface">
                <types:description xsi:type="instance:Description">[New Interface]</types:description>
                <types:direction xsi:type="instance:Direction">in</types:direction>
                <types:type xlink:href="#interfaceTypeffffff86-dcf7f5eb-e3af100e-28dc018d" xlink:type="simple" xsi:type="instance:XMLLink"/>
            </types:interface>
            <types:interface types:id="interfaceffffff86-dcfc6203-f76a1bc7-28dc0245" xsi:type="types:Interface">
                <types:description xsi:type="instance:Description">[New Interface]</types:description>
                <types:direction xsi:type="instance:Direction">out</types:direction>
                <types:type xlink:href="#interfaceTypeffffff86-dcf7fb7f-86bc615b-28dc018e" xlink:type="simple" xsi:type="instance:XMLLink"/>
            </types:interface>
            <implementationext:implementation xsi:type="javaimplementation:JavaImplementation">
                <javaimplementation:mainClass xsi:type="javaimplementation:JavaClassFile">
                    <javaimplementation:javaClassName xsi:type="javaimplementation:JavaClassName">edu.umkc.wow.Control.ControlArch</javaimplementation:javaClassName>
                </javaimplementation:mainClass>
                <javaimplementation:auxClass xsi:type="javaimplementation:JavaClassFile">
                    <javaimplementation:javaClassName xsi:type="javaimplementation:JavaClassName">edu.umkc.wow.Control.ControlImp</javaimplementation:javaClassName>
                </javaimplementation:auxClass>
            </implementationext:implementation>
        </types:component>
        <types:link types:id="linkffffff86-dcfe3147-7053085c-28dc02a8" xsi:type="types:Link">
            <types:description xsi:type="instance:Description">[New Link]</types:description>
            <types:point xsi:type="instance:Point">
                <instance:anchorOnInterface xlink:href="#interfaceffffff86-dcfc6203-f76a1bc7-28dc0245" xlink:type="simple" xsi:type="instance:XMLLink"/>
            </types:point>
            <types:point xsi:type="instance:Point">
                <instance:anchorOnInterface xlink:href="#interfaceffffff86-dcfc6cc3-408dafab-28dc0266" xlink:type="simple" xsi:type="instance:XMLLink"/>
            </types:point>
        </types:link>
        <types:link types:id="linkffffff86-dcfe3e5b-26da07f6-28dc02c9" xsi:type="types:Link">
            <types:description xsi:type="instance:Description">[New Link]</types:description>
            <types:point xsi:type="instance:Point">
                <instance:anchorOnInterface xlink:href="#interfaceffffff86-dcfc6203-f76a1bc7-28dc0245" xlink:type="simple" xsi:type="instance:XMLLink"/>
            </types:point>
            <types:point xsi:type="instance:Point">
                <instance:anchorOnInterface xlink:href="#interfaceffffff86-dcfbf09d-63a7aa32-28dc01e7" xlink:type="simple" xsi:type="instance:XMLLink"/>
            </types:point>
        </types:link>
        <types:link types:id="linkffffff86-dcfe463b-b626659f-28dc02d0" xsi:type="types:Link">
            <types:description xsi:type="instance:Description">[New Link]</types:description>
            <types:point xsi:type="instance:Point">
                <instance:anchorOnInterface xlink:href="#interfaceffffff86-dcfc5962-656e7c22-28dc023d" xlink:type="simple" xsi:type="instance:XMLLink"/>
            </types:point>
            <types:point xsi:type="instance:Point">
                <instance:anchorOnInterface xlink:href="#interfaceffffff86-dcfc768a-13b2ebd9-28dc026e" xlink:type="simple" xsi:type="instance:XMLLink"/>
            </types:point>
        </types:link>
        <types:link types:id="linkffffff86-dcfe4f5b-b679c21a-28dc02d7" xsi:type="types:Link">
            <types:description xsi:type="instance:Description">[New Link]</types:description>
            <types:point xsi:type="instance:Point">
                <instance:anchorOnInterface xlink:href="#interfaceffffff86-dcfc5962-656e7c22-28dc023d" xlink:type="simple" xsi:type="instance:XMLLink"/>
            </types:point>
            <types:point xsi:type="instance:Point">
                <instance:anchorOnInterface xlink:href="#interfaceffffff86-dcfcc63a-2a4cf4c7-28dc0290" xlink:type="simple" xsi:type="instance:XMLLink"/>
            </types:point>
        </types:link>
    </types:archStructure>
    <hints3:renderingHints3 xsi:type="hints3:RenderingHints3">
        <hints3:hintedElement hints3:maintainer="edu.uci.isr.archstudio4.comp.archipelago" hints3:version="4.0.0" xsi:type="hints3:HintBundle"/>
        <hints3:hintedElement hints3:maintainer="edu.uci.isr.archstudio4.comp.archipelago" hints3:version="4.1.0" xsi:type="hints3:HintBundle">
            <hints3:hintedElement xsi:type="hints3:HintedElement">
                <hints3:target xlink:href="#archStructureffffff86-dcf84861-eee7fc9a-28dc018f" xlink:type="simple" xsi:type="instance:XMLLink"/>
                <hints3:hintedElement xsi:type="hints3:HintedElement">
                    <hints3:target xlink:href="#componentffffff86-dcfb3a64-940ae583-28dc01aa" xlink:type="simple" xsi:type="instance:XMLLink"/>
                    <hints3:property hints3:name="glass/boundingBox" xsi:type="hints3:Property">
                        <hints3:value hints3:data="10200,10075,100,100" hints3:type="org.eclipse.swt.graphics.Rectangle" xsi:type="hints3:PropertyValue"/>
                    </hints3:property>
                    <hints3:property hints3:name="background/color" xsi:type="hints3:Property">
                        <hints3:value hints3:data="197,203,255" hints3:type="org.eclipse.swt.graphics.RGB" xsi:type="hints3:PropertyValue"/>
                    </hints3:property>
                </hints3:hintedElement>
                <hints3:hintedElement xsi:type="hints3:HintedElement">
                    <hints3:target xlink:href="#componentffffff86-dcfb22e9-f2c01c07-28dc0194" xlink:type="simple" xsi:type="instance:XMLLink"/>
                    <hints3:property hints3:name="glass/boundingBox" xsi:type="hints3:Property">
                        <hints3:value hints3:data="10325,10250,100,100" hints3:type="org.eclipse.swt.graphics.Rectangle" xsi:type="hints3:PropertyValue"/>
                    </hints3:property>
                    <hints3:property hints3:name="background/color" xsi:type="hints3:Property">
                        <hints3:value hints3:data="197,203,255" hints3:type="org.eclipse.swt.graphics.RGB" xsi:type="hints3:PropertyValue"/>
                    </hints3:property>
                </hints3:hintedElement>
                <hints3:hintedElement xsi:type="hints3:HintedElement">
                    <hints3:target xlink:href="#componentffffff86-dcfb2d50-5203321d-28dc019f" xlink:type="simple" xsi:type="instance:XMLLink"/>
                    <hints3:property hints3:name="glass/boundingBox" xsi:type="hints3:Property">
                        <hints3:value hints3:data="10075,10250,100,100" hints3:type="org.eclipse.swt.graphics.Rectangle" xsi:type="hints3:PropertyValue"/>
                    </hints3:property>
                    <hints3:property hints3:name="background/color" xsi:type="hints3:Property">
                        <hints3:value hints3:data="197,203,255" hints3:type="org.eclipse.swt.graphics.RGB" xsi:type="hints3:PropertyValue"/>
                    </hints3:property>
                </hints3:hintedElement>
                <hints3:hintedElement xsi:type="hints3:HintedElement">
                    <hints3:target xlink:href="#interfaceffffff86-dcfbf09d-63a7aa32-28dc01e7" xlink:type="simple" xsi:type="instance:XMLLink"/>
                    <hints3:property hints3:name="glass/anchorPoint" xsi:type="hints3:Property">
                        <hints3:value hints3:data="10350,10250" hints3:type="org.eclipse.swt.graphics.Point" xsi:type="hints3:PropertyValue"/>
                    </hints3:property>
                    <hints3:property hints3:name="glass/anchorPoint-StuckInfo" xsi:type="hints3:Property">
                        <hints3:value hints3:data="{EDGE,{0.25,0.0}}" hints3:type="{[Ljava.lang.Object;,2,enum:edu.uci.isr.bna4.logics.coordinating.MaintainStickyPointLogic$StickyMode,{[F,2,java.lang.Float,java.lang.Float}}" xsi:type="hints3:PropertyValue"/>
                    </hints3:property>
                    <hints3:property hints3:name="background/color" xsi:type="hints3:Property">
                        <hints3:value hints3:data="255,255,255" hints3:type="org.eclipse.swt.graphics.RGB" xsi:type="hints3:PropertyValue"/>
                    </hints3:property>
                </hints3:hintedElement>
                <hints3:hintedElement xsi:type="hints3:HintedElement">
                    <hints3:target xlink:href="#interfaceffffff86-dcfc768a-13b2ebd9-28dc026e" xlink:type="simple" xsi:type="instance:XMLLink"/>
                    <hints3:property hints3:name="glass/anchorPoint" xsi:type="hints3:Property">
                        <hints3:value hints3:data="10150,10250" hints3:type="org.eclipse.swt.graphics.Point" xsi:type="hints3:PropertyValue"/>
                    </hints3:property>
                    <hints3:property hints3:name="glass/anchorPoint-StuckInfo" xsi:type="hints3:Property">
                        <hints3:value hints3:data="{EDGE,{0.75,0.0}}" hints3:type="{[Ljava.lang.Object;,2,enum:edu.uci.isr.bna4.logics.coordinating.MaintainStickyPointLogic$StickyMode,{[F,2,java.lang.Float,java.lang.Float}}" xsi:type="hints3:PropertyValue"/>
                    </hints3:property>
                    <hints3:property hints3:name="background/color" xsi:type="hints3:Property">
                        <hints3:value hints3:data="255,255,255" hints3:type="org.eclipse.swt.graphics.RGB" xsi:type="hints3:PropertyValue"/>
                    </hints3:property>
                </hints3:hintedElement>
                <hints3:hintedElement xsi:type="hints3:HintedElement">
                    <hints3:target xlink:href="#interfaceffffff86-dcfc6cc3-408dafab-28dc0266" xlink:type="simple" xsi:type="instance:XMLLink"/>
                    <hints3:property hints3:name="glass/anchorPoint" xsi:type="hints3:Property">
                        <hints3:value hints3:data="10100,10250" hints3:type="org.eclipse.swt.graphics.Point" xsi:type="hints3:PropertyValue"/>
                    </hints3:property>
                    <hints3:property hints3:name="glass/anchorPoint-StuckInfo" xsi:type="hints3:Property">
                        <hints3:value hints3:data="{EDGE,{0.25,0.0}}" hints3:type="{[Ljava.lang.Object;,2,enum:edu.uci.isr.bna4.logics.coordinating.MaintainStickyPointLogic$StickyMode,{[F,2,java.lang.Float,java.lang.Float}}" xsi:type="hints3:PropertyValue"/>
                    </hints3:property>
                    <hints3:property hints3:name="background/color" xsi:type="hints3:Property">
                        <hints3:value hints3:data="255,255,255" hints3:type="org.eclipse.swt.graphics.RGB" xsi:type="hints3:PropertyValue"/>
                    </hints3:property>
                </hints3:hintedElement>
                <hints3:hintedElement xsi:type="hints3:HintedElement">
                    <hints3:target xlink:href="#interfaceffffff86-dcfc6203-f76a1bc7-28dc0245" xlink:type="simple" xsi:type="instance:XMLLink"/>
                    <hints3:property hints3:name="glass/anchorPoint" xsi:type="hints3:Property">
                        <hints3:value hints3:data="10225,10175" hints3:type="org.eclipse.swt.graphics.Point" xsi:type="hints3:PropertyValue"/>
                    </hints3:property>
                    <hints3:property hints3:name="glass/anchorPoint-StuckInfo" xsi:type="hints3:Property">
                        <hints3:value hints3:data="{EDGE,{0.25,1.0}}" hints3:type="{[Ljava.lang.Object;,2,enum:edu.uci.isr.bna4.logics.coordinating.MaintainStickyPointLogic$StickyMode,{[F,2,java.lang.Float,java.lang.Float}}" xsi:type="hints3:PropertyValue"/>
                    </hints3:property>
                    <hints3:property hints3:name="background/color" xsi:type="hints3:Property">
                        <hints3:value hints3:data="255,255,255" hints3:type="org.eclipse.swt.graphics.RGB" xsi:type="hints3:PropertyValue"/>
                    </hints3:property>
                </hints3:hintedElement>
                <hints3:hintedElement xsi:type="hints3:HintedElement">
                    <hints3:target xlink:href="#interfaceffffff86-dcfc5962-656e7c22-28dc023d" xlink:type="simple" xsi:type="instance:XMLLink"/>
                    <hints3:property hints3:name="glass/anchorPoint" xsi:type="hints3:Property">
                        <hints3:value hints3:data="10275,10175" hints3:type="org.eclipse.swt.graphics.Point" xsi:type="hints3:PropertyValue"/>
                    </hints3:property>
                    <hints3:property hints3:name="glass/anchorPoint-StuckInfo" xsi:type="hints3:Property">
                        <hints3:value hints3:data="{EDGE,{0.75,1.0}}" hints3:type="{[Ljava.lang.Object;,2,enum:edu.uci.isr.bna4.logics.coordinating.MaintainStickyPointLogic$StickyMode,{[F,2,java.lang.Float,java.lang.Float}}" xsi:type="hints3:PropertyValue"/>
                    </hints3:property>
                    <hints3:property hints3:name="background/color" xsi:type="hints3:Property">
                        <hints3:value hints3:data="255,255,255" hints3:type="org.eclipse.swt.graphics.RGB" xsi:type="hints3:PropertyValue"/>
                    </hints3:property>
                </hints3:hintedElement>
                <hints3:hintedElement xsi:type="hints3:HintedElement">
                    <hints3:target xlink:href="#interfaceffffff86-dcfcc63a-2a4cf4c7-28dc0290" xlink:type="simple" xsi:type="instance:XMLLink"/>
                    <hints3:property hints3:name="glass/anchorPoint" xsi:type="hints3:Property">
                        <hints3:value hints3:data="10400,10250" hints3:type="org.eclipse.swt.graphics.Point" xsi:type="hints3:PropertyValue"/>
                    </hints3:property>
                    <hints3:property hints3:name="glass/anchorPoint-StuckInfo" xsi:type="hints3:Property">
                        <hints3:value hints3:data="{EDGE,{0.75,0.0}}" hints3:type="{[Ljava.lang.Object;,2,enum:edu.uci.isr.bna4.logics.coordinating.MaintainStickyPointLogic$StickyMode,{[F,2,java.lang.Float,java.lang.Float}}" xsi:type="hints3:PropertyValue"/>
                    </hints3:property>
                    <hints3:property hints3:name="background/color" xsi:type="hints3:Property">
                        <hints3:value hints3:data="255,255,255" hints3:type="org.eclipse.swt.graphics.RGB" xsi:type="hints3:PropertyValue"/>
                    </hints3:property>
                </hints3:hintedElement>
                <hints3:hintedElement xsi:type="hints3:HintedElement">
                    <hints3:target xlink:href="#linkffffff86-dcfe3147-7053085c-28dc02a8" xlink:type="simple" xsi:type="instance:XMLLink"/>
                    <hints3:property hints3:name="glass/midpoints" xsi:type="hints3:Property">
                        <hints3:value hints3:data="{}" hints3:type="{[Lorg.eclipse.swt.graphics.Point;,0}" xsi:type="hints3:PropertyValue"/>
                    </hints3:property>
                    <hints3:property hints3:name="glass/endpoint1" xsi:type="hints3:Property">
                        <hints3:value hints3:data="10220,10178" hints3:type="org.eclipse.swt.graphics.Point" xsi:type="hints3:PropertyValue"/>
                    </hints3:property>
                    <hints3:property hints3:name="glass/endpoint2" xsi:type="hints3:Property">
                        <hints3:value hints3:data="10105,10247" hints3:type="org.eclipse.swt.graphics.Point" xsi:type="hints3:PropertyValue"/>
                    </hints3:property>
                    <hints3:property hints3:name="glass/endpoint1-StuckInfo" xsi:type="hints3:Property">
                        <hints3:value hints3:data="{EDGE_FROM_CENTER}" hints3:type="{[Ljava.lang.Object;,1,enum:edu.uci.isr.bna4.logics.coordinating.MaintainStickyPointLogic$StickyMode}" xsi:type="hints3:PropertyValue"/>
                    </hints3:property>
                    <hints3:property hints3:name="glass/endpoint2-StuckInfo" xsi:type="hints3:Property">
                        <hints3:value hints3:data="{EDGE_FROM_CENTER}" hints3:type="{[Ljava.lang.Object;,1,enum:edu.uci.isr.bna4.logics.coordinating.MaintainStickyPointLogic$StickyMode}" xsi:type="hints3:PropertyValue"/>
                    </hints3:property>
                </hints3:hintedElement>
                <hints3:hintedElement xsi:type="hints3:HintedElement">
                    <hints3:target xlink:href="#linkffffff86-dcfe3e5b-26da07f6-28dc02c9" xlink:type="simple" xsi:type="instance:XMLLink"/>
                    <hints3:property hints3:name="glass/midpoints" xsi:type="hints3:Property">
                        <hints3:value hints3:data="{}" hints3:type="{[Lorg.eclipse.swt.graphics.Point;,0}" xsi:type="hints3:PropertyValue"/>
                    </hints3:property>
                    <hints3:property hints3:name="glass/endpoint1" xsi:type="hints3:Property">
                        <hints3:value hints3:data="10230,10178" hints3:type="org.eclipse.swt.graphics.Point" xsi:type="hints3:PropertyValue"/>
                    </hints3:property>
                    <hints3:property hints3:name="glass/endpoint2" xsi:type="hints3:Property">
                        <hints3:value hints3:data="10345,10247" hints3:type="org.eclipse.swt.graphics.Point" xsi:type="hints3:PropertyValue"/>
                    </hints3:property>
                    <hints3:property hints3:name="glass/endpoint2-StuckInfo" xsi:type="hints3:Property">
                        <hints3:value hints3:data="{EDGE_FROM_CENTER}" hints3:type="{[Ljava.lang.Object;,1,enum:edu.uci.isr.bna4.logics.coordinating.MaintainStickyPointLogic$StickyMode}" xsi:type="hints3:PropertyValue"/>
                    </hints3:property>
                    <hints3:property hints3:name="glass/endpoint1-StuckInfo" xsi:type="hints3:Property">
                        <hints3:value hints3:data="{EDGE_FROM_CENTER}" hints3:type="{[Ljava.lang.Object;,1,enum:edu.uci.isr.bna4.logics.coordinating.MaintainStickyPointLogic$StickyMode}" xsi:type="hints3:PropertyValue"/>
                    </hints3:property>
                </hints3:hintedElement>
                <hints3:hintedElement xsi:type="hints3:HintedElement">
                    <hints3:target xlink:href="#linkffffff86-dcfe463b-b626659f-28dc02d0" xlink:type="simple" xsi:type="instance:XMLLink"/>
                    <hints3:property hints3:name="glass/midpoints" xsi:type="hints3:Property">
                        <hints3:value hints3:data="{}" hints3:type="{[Lorg.eclipse.swt.graphics.Point;,0}" xsi:type="hints3:PropertyValue"/>
                    </hints3:property>
                    <hints3:property hints3:name="glass/endpoint1" xsi:type="hints3:Property">
                        <hints3:value hints3:data="10270,10178" hints3:type="org.eclipse.swt.graphics.Point" xsi:type="hints3:PropertyValue"/>
                    </hints3:property>
                    <hints3:property hints3:name="glass/endpoint2" xsi:type="hints3:Property">
                        <hints3:value hints3:data="10155,10247" hints3:type="org.eclipse.swt.graphics.Point" xsi:type="hints3:PropertyValue"/>
                    </hints3:property>
                    <hints3:property hints3:name="glass/endpoint1-StuckInfo" xsi:type="hints3:Property">
                        <hints3:value hints3:data="{EDGE_FROM_CENTER}" hints3:type="{[Ljava.lang.Object;,1,enum:edu.uci.isr.bna4.logics.coordinating.MaintainStickyPointLogic$StickyMode}" xsi:type="hints3:PropertyValue"/>
                    </hints3:property>
                    <hints3:property hints3:name="glass/endpoint2-StuckInfo" xsi:type="hints3:Property">
                        <hints3:value hints3:data="{EDGE_FROM_CENTER}" hints3:type="{[Ljava.lang.Object;,1,enum:edu.uci.isr.bna4.logics.coordinating.MaintainStickyPointLogic$StickyMode}" xsi:type="hints3:PropertyValue"/>
                    </hints3:property>
                </hints3:hintedElement>
                <hints3:hintedElement xsi:type="hints3:HintedElement">
                    <hints3:target xlink:href="#linkffffff86-dcfe4f5b-b679c21a-28dc02d7" xlink:type="simple" xsi:type="instance:XMLLink"/>
                    <hints3:property hints3:name="glass/midpoints" xsi:type="hints3:Property">
                        <hints3:value hints3:data="{}" hints3:type="{[Lorg.eclipse.swt.graphics.Point;,0}" xsi:type="hints3:PropertyValue"/>
                    </hints3:property>
                    <hints3:property hints3:name="glass/endpoint1" xsi:type="hints3:Property">
                        <hints3:value hints3:data="10280,10178" hints3:type="org.eclipse.swt.graphics.Point" xsi:type="hints3:PropertyValue"/>
                    </hints3:property>
                    <hints3:property hints3:name="glass/endpoint2" xsi:type="hints3:Property">
                        <hints3:value hints3:data="10395,10247" hints3:type="org.eclipse.swt.graphics.Point" xsi:type="hints3:PropertyValue"/>
                    </hints3:property>
                    <hints3:property hints3:name="glass/endpoint1-StuckInfo" xsi:type="hints3:Property">
                        <hints3:value hints3:data="{EDGE_FROM_CENTER}" hints3:type="{[Ljava.lang.Object;,1,enum:edu.uci.isr.bna4.logics.coordinating.MaintainStickyPointLogic$StickyMode}" xsi:type="hints3:PropertyValue"/>
                    </hints3:property>
                    <hints3:property hints3:name="glass/endpoint2-StuckInfo" xsi:type="hints3:Property">
                        <hints3:value hints3:data="{EDGE_FROM_CENTER}" hints3:type="{[Ljava.lang.Object;,1,enum:edu.uci.isr.bna4.logics.coordinating.MaintainStickyPointLogic$StickyMode}" xsi:type="hints3:PropertyValue"/>
                    </hints3:property>
                </hints3:hintedElement>
            </hints3:hintedElement>
        </hints3:hintedElement>
    </hints3:renderingHints3>
    <changes:archChange changes:id="archChangeffffff86-dcfb1871-3d5acf3c-28dc0192" xsi:type="changes:ArchChange">
        <changes:description xsi:type="instance:Description">Architecture Change Model</changes:description>
        <changes:changes changes:id="changesffffff86-dcfb22eb-4f1bca24-28dc0195" changes:status="mapped" xsi:type="changes:Changes">
            <changes:description xsi:type="instance:Description">2016-04-03 11:35</changes:description>
            <changes:componentChange changes:id="componentChangeffffff86-dcfb22f0-e90900b6-28dc0196" changes:type="add" xsi:type="changes:ComponentChange">
                <changes:description xsi:type="instance:Description">New Component</changes:description>
                <changes:component xlink:href="#componentffffff86-dcfb22e9-f2c01c07-28dc0194" xlink:type="simple" xsi:type="instance:XMLLink"/>
            </changes:componentChange>
            <changes:componentChange changes:id="componentChangeffffff86-dcfb2d52-f1cf3b51-28dc01a0" changes:type="add" xsi:type="changes:ComponentChange">
                <changes:description xsi:type="instance:Description">New Component</changes:description>
                <changes:component xlink:href="#componentffffff86-dcfb2d50-5203321d-28dc019f" xlink:type="simple" xsi:type="instance:XMLLink"/>
            </changes:componentChange>
            <changes:componentChange changes:id="componentChangeffffff86-dcfb3a66-b225be9c-28dc01ac" changes:type="add" xsi:type="changes:ComponentChange">
                <changes:description xsi:type="instance:Description">New Component</changes:description>
                <changes:component xlink:href="#componentffffff86-dcfb3a64-940ae583-28dc01aa" xlink:type="simple" xsi:type="instance:XMLLink"/>
            </changes:componentChange>
            <changes:componentChange changes:id="componentChangeffffff86-dcfbf09e-c4b9e492-28dc01e8" changes:type="update" xsi:type="changes:ComponentChange">
                <changes:description xsi:type="instance:Description">New interface</changes:description>
                <changes:component xlink:href="#componentffffff86-dcfb22e9-f2c01c07-28dc0194" xlink:type="simple" xsi:type="instance:XMLLink"/>
                <changes:interfaceChange changes:id="interfaceChangeffffff86-dcfbf09e-d8c56cb8-28dc01e9" changes:type="add" xsi:type="changes:InterfaceChange">
                    <changes:interface xlink:href="#interfaceffffff86-dcfbf09d-63a7aa32-28dc01e7" xlink:type="simple" xsi:type="instance:XMLLink"/>
                </changes:interfaceChange>
            </changes:componentChange>
            <changes:componentChange changes:id="componentChangeffffff86-dcfc5965-0970afaf-28dc023e" changes:type="update" xsi:type="changes:ComponentChange">
                <changes:description xsi:type="instance:Description">New interface</changes:description>
                <changes:component xlink:href="#componentffffff86-dcfb3a64-940ae583-28dc01aa" xlink:type="simple" xsi:type="instance:XMLLink"/>
                <changes:interfaceChange changes:id="interfaceChangeffffff86-dcfc5966-da2227ce-28dc023f" changes:type="add" xsi:type="changes:InterfaceChange">
                    <changes:interface xlink:href="#interfaceffffff86-dcfc5962-656e7c22-28dc023d" xlink:type="simple" xsi:type="instance:XMLLink"/>
                </changes:interfaceChange>
            </changes:componentChange>
            <changes:componentChange changes:id="componentChangeffffff86-dcfc6205-6c596f84-28dc0246" changes:type="update" xsi:type="changes:ComponentChange">
                <changes:description xsi:type="instance:Description">New interface</changes:description>
                <changes:component xlink:href="#componentffffff86-dcfb3a64-940ae583-28dc01aa" xlink:type="simple" xsi:type="instance:XMLLink"/>
                <changes:interfaceChange changes:id="interfaceChangeffffff86-dcfc6206-fe7a1f4f-28dc0247" changes:type="add" xsi:type="changes:InterfaceChange">
                    <changes:interface xlink:href="#interfaceffffff86-dcfc6203-f76a1bc7-28dc0245" xlink:type="simple" xsi:type="instance:XMLLink"/>
                </changes:interfaceChange>
            </changes:componentChange>
            <changes:componentChange changes:id="componentChangeffffff86-dcfc6cc6-e1414c96-28dc0267" changes:type="update" xsi:type="changes:ComponentChange">
                <changes:description xsi:type="instance:Description">New interface</changes:description>
                <changes:component xlink:href="#componentffffff86-dcfb2d50-5203321d-28dc019f" xlink:type="simple" xsi:type="instance:XMLLink"/>
                <changes:interfaceChange changes:id="interfaceChangeffffff86-dcfc6ccd-aa413a05-28dc0268" changes:type="add" xsi:type="changes:InterfaceChange">
                    <changes:interface xlink:href="#interfaceffffff86-dcfc6cc3-408dafab-28dc0266" xlink:type="simple" xsi:type="instance:XMLLink"/>
                </changes:interfaceChange>
            </changes:componentChange>
            <changes:componentChange changes:id="componentChangeffffff86-dcfc768c-5aebe74a-28dc026f" changes:type="update" xsi:type="changes:ComponentChange">
                <changes:description xsi:type="instance:Description">New interface</changes:description>
                <changes:component xlink:href="#componentffffff86-dcfb2d50-5203321d-28dc019f" xlink:type="simple" xsi:type="instance:XMLLink"/>
                <changes:interfaceChange changes:id="interfaceChangeffffff86-dcfc768e-777cc372-28dc0270" changes:type="add" xsi:type="changes:InterfaceChange">
                    <changes:interface xlink:href="#interfaceffffff86-dcfc768a-13b2ebd9-28dc026e" xlink:type="simple" xsi:type="instance:XMLLink"/>
                </changes:interfaceChange>
            </changes:componentChange>
            <changes:componentChange changes:id="componentChangeffffff86-dcfcc63c-3dcd0442-28dc0291" changes:type="update" xsi:type="changes:ComponentChange">
                <changes:description xsi:type="instance:Description">New interface</changes:description>
                <changes:component xlink:href="#componentffffff86-dcfb22e9-f2c01c07-28dc0194" xlink:type="simple" xsi:type="instance:XMLLink"/>
                <changes:interfaceChange changes:id="interfaceChangeffffff86-dcfcc63c-925a0993-28dc0292" changes:type="add" xsi:type="changes:InterfaceChange">
                    <changes:interface xlink:href="#interfaceffffff86-dcfcc63a-2a4cf4c7-28dc0290" xlink:type="simple" xsi:type="instance:XMLLink"/>
                </changes:interfaceChange>
            </changes:componentChange>
            <changes:linkChange changes:id="linkChangeffffff86-dcfe3149-766f07eb-28dc02a9" changes:type="add" xsi:type="changes:LinkChange">
                <changes:description xsi:type="instance:Description">New Link</changes:description>
                <changes:link xlink:href="#linkffffff86-dcfe3147-7053085c-28dc02a8" xlink:type="simple" xsi:type="instance:XMLLink"/>
            </changes:linkChange>
            <changes:linkChange changes:id="linkChangeffffff86-dcfe3e5c-08290251-28dc02ca" changes:type="add" xsi:type="changes:LinkChange">
                <changes:description xsi:type="instance:Description">New Link</changes:description>
                <changes:link xlink:href="#linkffffff86-dcfe3e5b-26da07f6-28dc02c9" xlink:type="simple" xsi:type="instance:XMLLink"/>
            </changes:linkChange>
            <changes:linkChange changes:id="linkChangeffffff86-dcfe463d-ffc1b4f2-28dc02d1" changes:type="add" xsi:type="changes:LinkChange">
                <changes:description xsi:type="instance:Description">New Link</changes:description>
                <changes:link xlink:href="#linkffffff86-dcfe463b-b626659f-28dc02d0" xlink:type="simple" xsi:type="instance:XMLLink"/>
            </changes:linkChange>
            <changes:linkChange changes:id="linkChangeffffff86-dcfe4f5c-9010c926-28dc02d8" changes:type="add" xsi:type="changes:LinkChange">
                <changes:description xsi:type="instance:Description">New Link</changes:description>
                <changes:link xlink:href="#linkffffff86-dcfe4f5b-b679c21a-28dc02d7" xlink:type="simple" xsi:type="instance:XMLLink"/>
            </changes:linkChange>
            <changes:linkChange changes:id="linkChangeffffff86-dcfeca99-64dbeb22-28dc02fa" changes:type="update" xsi:type="changes:LinkChange">
                <changes:description xsi:type="instance:Description">Update Link</changes:description>
                <changes:link xlink:href="#linkffffff86-dcfe4f5b-b679c21a-28dc02d7" xlink:type="simple" xsi:type="instance:XMLLink"/>
            </changes:linkChange>
        </changes:changes>
    </changes:archChange>
</instance:xArch>
